{
	"credit": "Made with Blockbench",
	"parent": "block/block",
	"textures": {
		"8": "./textures/mechanical_press_side",
		"particle": "./textures/mechanical_press_side",
		"mechanical_press_head": "./textures/mechanical_press_head",
		"gearbox_top": "./textures/gearbox_top",
		"mechanical_press_pole": "./textures/mechanical_press_pole",
		"gearbox": "./textures/gearbox",
		"mechanical_press_top": "./textures/mechanical_press_top",
		"mechanical_press_bottom": "./textures/mechanical_press_bottom"
	},
	"elements": [
		{
			"name": "Top",
			"from": [0, 18, 0],
			"to": [16, 20, 16],
			"faces": {
				"north": {"uv": [0, 0, 16, 2], "texture": "#gearbox"},
				"east": {"uv": [0, 0, 16, 2], "texture": "#8"},
				"south": {"uv": [0, 0, 16, 2], "texture": "#gearbox"},
				"west": {"uv": [0, 0, 16, 2], "texture": "#8"},
				"up": {"uv": [0, 0, 16, 16], "rotation": 180, "texture": "#mechanical_press_top"},
				"down": {"uv": [0, 0, 16, 16], "rotation": 180, "texture": "#gearbox"}
			}
		},
		{
			"name": "Core",
			"from": [2, 8, 1],
			"to": [14, 18, 15],
			"faces": {
				"north": {"uv": [2, 2, 14, 12], "texture": "#gearbox"},
				"south": {"uv": [2, 2, 14, 12], "texture": "#gearbox"},
				"down": {"uv": [2, 1, 14, 15], "rotation": 180, "texture": "#mechanical_press_bottom"}
			}
		},
		{
			"name": "Side",
			"from": [14, 6, 0],
			"to": [16, 18, 16],
			"faces": {
				"north": {"uv": [0, 2, 2, 14], "texture": "#gearbox_top"},
				"east": {"uv": [0, 2, 16, 14], "texture": "#8"},
				"south": {"uv": [14, 4, 16, 16], "texture": "#gearbox_top"},
				"west": {"uv": [0, 2, 16, 14], "texture": "#8"},
				"down": {"uv": [0, 0, 2, 16], "rotation": 180, "texture": "#gearbox_top"}
			}
		},
		{
			"name": "Side",
			"from": [0, 6, 0],
			"to": [2, 18, 16],
			"faces": {
				"north": {"uv": [14, 4, 16, 16], "texture": "#gearbox_top"},
				"east": {"uv": [0, 2, 16, 14], "texture": "#8"},
				"south": {"uv": [0, 4, 2, 16], "texture": "#gearbox_top"},
				"west": {"uv": [0, 2, 16, 14], "texture": "#8"},
				"down": {"uv": [14, 0, 16, 16], "rotation": 180, "texture": "#gearbox_top"}
			}
		},
		{
			"name": "Pole1Core",
			"from": [6, 4, 6],
			"to": [10, 14, 10],
			"faces": {
				"east": {"uv": [6, 6, 10, 16], "texture": "#mechanical_press_pole"},
				"west": {"uv": [6, 6, 10, 16], "texture": "#mechanical_press_pole"}
			}
		},
		{
			"name": "Pole2Core",
			"from": [6, 14, 6],
			"to": [10, 27, 10],
			"faces": {
				"east": {"uv": [6, 0, 10, 13], "texture": "#mechanical_press_pole"},
				"west": {"uv": [6, 0, 10, 13], "texture": "#mechanical_press_pole"},
				"up": {"uv": [11, 1, 15, 5], "rotation": 180, "texture": "#mechanical_press_pole"}
			}
		},
		{
			"name": "Pole1Side",
			"from": [5, 4, 5],
			"to": [11, 14, 6],
			"faces": {
				"north": {"uv": [0, 6, 6, 16], "texture": "#mechanical_press_pole"},
				"east": {"uv": [0, 6, 1, 16], "texture": "#mechanical_press_pole"},
				"south": {"uv": [0, 6, 6, 16], "texture": "#mechanical_press_pole"},
				"west": {"uv": [5, 6, 6, 16], "texture": "#mechanical_press_pole"}
			}
		},
		{
			"name": "Pole1Side",
			"from": [5, 4, 10],
			"to": [11, 14, 11],
			"faces": {
				"north": {"uv": [0, 6, 6, 16], "texture": "#mechanical_press_pole"},
				"east": {"uv": [0, 6, 1, 16], "texture": "#mechanical_press_pole"},
				"south": {"uv": [0, 6, 6, 16], "texture": "#mechanical_press_pole"},
				"west": {"uv": [5, 6, 6, 16], "texture": "#mechanical_press_pole"}
			}
		},
		{
			"name": "Pole2Side",
			"from": [5, 14, 10],
			"to": [11, 27, 11],
			"faces": {
				"north": {"uv": [0, 0, 6, 13], "texture": "#mechanical_press_pole"},
				"east": {"uv": [0, 0, 1, 13], "texture": "#mechanical_press_pole"},
				"south": {"uv": [0, 0, 6, 13], "texture": "#mechanical_press_pole"},
				"west": {"uv": [5, 0, 6, 13], "texture": "#mechanical_press_pole"},
				"up": {"uv": [10, 0, 16, 1], "rotation": 180, "texture": "#mechanical_press_pole"}
			}
		},
		{
			"name": "Pole2Side",
			"from": [5, 14, 5],
			"to": [11, 27, 6],
			"faces": {
				"north": {"uv": [0, 0, 6, 13], "texture": "#mechanical_press_pole"},
				"east": {"uv": [0, 0, 1, 13], "texture": "#mechanical_press_pole"},
				"south": {"uv": [0, 0, 6, 13], "texture": "#mechanical_press_pole"},
				"west": {"uv": [5, 0, 6, 13], "texture": "#mechanical_press_pole"},
				"up": {"uv": [10, 5, 16, 6], "rotation": 180, "texture": "#mechanical_press_pole"}
			}
		},
		{
			"name": "Head",
			"from": [3, 0, 3],
			"to": [13, 4, 13],
			"faces": {
				"north": {"uv": [1, 0, 11, 4], "texture": "#mechanical_press_head"},
				"east": {"uv": [1, 0, 11, 4], "texture": "#mechanical_press_head"},
				"south": {"uv": [1, 0, 11, 4], "texture": "#mechanical_press_head"},
				"west": {"uv": [1, 0, 11, 4], "texture": "#mechanical_press_head"},
				"up": {"uv": [1, 5, 11, 15], "rotation": 180, "texture": "#mechanical_press_head"},
				"down": {"uv": [1, 5, 11, 15], "rotation": 180, "texture": "#mechanical_press_head"}
			}
		}
	],
	"display": {
		"gui": {
			"rotation": [30, 225, 0],
			"translation": [0, -2, 0],
			"scale": [0.55, 0.55, 0.55]
		},
		"fixed": {
			"translation": [0, -2.75, -0.0625],
			"scale": [0.5, 0.5, 0.5]
		}
	}
}