{
	"credit": "Made with Blockbench",
	"texture_size": [32, 32],
	"textures": {
		"0": "big_d",
		"particle": "big_d"
	},
	"elements": [
		{
			"from": [3, 4, 11],
			"to": [7, 8, 15],
			"rotation": {"angle": 0, "axis": "y", "origin": [4, 4, 12]},
			"faces": {
				"north": {"uv": [5, 7, 7, 9], "texture": "#0"},
				"east": {"uv": [7, 5, 9, 7], "texture": "#0"},
				"south": {"uv": [7, 7, 9, 9], "texture": "#0"},
				"west": {"uv": [7.5, 0, 9.5, 2], "texture": "#0"},
				"up": {"uv": [11, 4, 9, 2], "texture": "#0"},
				"down": {"uv": [5, 9, 3, 11], "texture": "#0"}
			}
		},
		{
			"from": [4, 8, 12],
			"to": [6, 8.7, 14],
			"rotation": {"angle": 0, "axis": "y", "origin": [6, 9, 12]},
			"faces": {
				"north": {"uv": [11.5, 9.5, 12.5, 10], "texture": "#0"},
				"east": {"uv": [11.5, 10, 12.5, 10.5], "texture": "#0"},
				"south": {"uv": [10.5, 11.5, 11.5, 12], "texture": "#0"},
				"west": {"uv": [11.5, 10.5, 12.5, 11], "texture": "#0"},
				"up": {"uv": [11.5, 2, 10.5, 1], "texture": "#0"},
				"down": {"uv": [3, 10.5, 2, 11.5], "texture": "#0"}
			}
		},
		{
			"from": [4, 3.3, 12],
			"to": [6, 4, 14],
			"rotation": {"angle": 0, "axis": "z", "origin": [6, 4, 12]},
			"faces": {
				"north": {"uv": [6, 11.5, 7, 12], "texture": "#0"},
				"east": {"uv": [11.5, 6, 12.5, 6.5], "texture": "#0"},
				"south": {"uv": [11.5, 7, 12.5, 7.5], "texture": "#0"},
				"west": {"uv": [11.5, 7.5, 12.5, 8], "texture": "#0"},
				"up": {"uv": [9.5, 11, 8.5, 10], "texture": "#0"},
				"down": {"uv": [1, 10.5, 0, 11.5], "texture": "#0"}
			}
		},
		{
			"from": [7, 5, 12],
			"to": [7.7, 7, 14],
			"rotation": {"angle": 0, "axis": "y", "origin": [8, 5, 12]},
			"faces": {
				"north": {"uv": [11.5, 4, 12, 5], "texture": "#0"},
				"east": {"uv": [7.5, 10, 8.5, 11], "texture": "#0"},
				"south": {"uv": [5, 11.5, 5.5, 12.5], "texture": "#0"},
				"west": {"uv": [10, 7.5, 11, 8.5], "texture": "#0"},
				"up": {"uv": [12, 6, 11.5, 5], "texture": "#0"},
				"down": {"uv": [6, 11.5, 5.5, 12.5], "texture": "#0"}
			}
		},
		{
			"from": [4, 5, 10.3],
			"to": [6, 7, 11],
			"rotation": {"angle": 0, "axis": "y", "origin": [4, 5, 10]},
			"faces": {
				"north": {"uv": [6.5, 9, 7.5, 10], "texture": "#0"},
				"east": {"uv": [11, 2.5, 11.5, 3.5], "texture": "#0"},
				"south": {"uv": [9, 6.5, 10, 7.5], "texture": "#0"},
				"west": {"uv": [3, 11, 3.5, 12], "texture": "#0"},
				"up": {"uv": [4.5, 11.5, 3.5, 11], "texture": "#0"},
				"down": {"uv": [12, 3.5, 11, 4], "texture": "#0"}
			}
		},
		{
			"from": [2.3, 5, 12],
			"to": [3, 7, 14],
			"rotation": {"angle": 0, "axis": "y", "origin": [3, 5, 12]},
			"faces": {
				"north": {"uv": [9, 11, 9.5, 12], "texture": "#0"},
				"east": {"uv": [9.5, 1, 10.5, 2], "texture": "#0"},
				"south": {"uv": [0, 11.5, 0.5, 12.5], "texture": "#0"},
				"west": {"uv": [9.5, 8.5, 10.5, 9.5], "texture": "#0"},
				"up": {"uv": [12, 1, 11.5, 0], "texture": "#0"},
				"down": {"uv": [1, 11.5, 0.5, 12.5], "texture": "#0"}
			}
		},
		{
			"from": [4, 5, 15],
			"to": [6, 7, 15.7],
			"rotation": {"angle": 0, "axis": "y", "origin": [4, 5, 15]},
			"faces": {
				"north": {"uv": [8.5, 9, 9.5, 10], "texture": "#0"},
				"east": {"uv": [11, 7, 11.5, 8], "texture": "#0"},
				"south": {"uv": [9.5, 0, 10.5, 1], "texture": "#0"},
				"west": {"uv": [7.5, 11, 8, 12], "texture": "#0"},
				"up": {"uv": [9, 11.5, 8, 11], "texture": "#0"},
				"down": {"uv": [12, 8, 11, 8.5], "texture": "#0"}
			}
		},
		{
			"from": [9, 4, 11],
			"to": [13, 8, 15],
			"rotation": {"angle": 0, "axis": "y", "origin": [11, 4, 12]},
			"faces": {
				"north": {"uv": [3, 3, 5, 5], "texture": "#0"},
				"east": {"uv": [3, 5, 5, 7], "texture": "#0"},
				"south": {"uv": [5, 3, 7, 5], "texture": "#0"},
				"west": {"uv": [5, 5, 7, 7], "texture": "#0"},
				"up": {"uv": [5, 9, 3, 7], "texture": "#0"},
				"down": {"uv": [9, 3, 7, 5], "texture": "#0"}
			}
		},
		{
			"from": [10, 5, 10.3],
			"to": [12, 7, 11],
			"rotation": {"angle": 0, "axis": "y", "origin": [10, 5, 10]},
			"faces": {
				"north": {"uv": [7.5, 2, 8.5, 3], "texture": "#0"},
				"east": {"uv": [8.5, 2, 9, 3], "texture": "#0"},
				"south": {"uv": [9, 5.5, 10, 6.5], "texture": "#0"},
				"west": {"uv": [6, 10.5, 6.5, 11.5], "texture": "#0"},
				"up": {"uv": [11.5, 5.5, 10.5, 5], "texture": "#0"},
				"down": {"uv": [12, 2, 11, 2.5], "texture": "#0"}
			}
		},
		{
			"from": [10, 8, 12],
			"to": [12, 8.7, 14],
			"rotation": {"angle": 0, "axis": "y", "origin": [12, 9, 12]},
			"faces": {
				"north": {"uv": [11.5, 11, 12.5, 11.5], "texture": "#0"},
				"east": {"uv": [11.5, 11.5, 12.5, 12], "texture": "#0"},
				"south": {"uv": [12, 0, 13, 0.5], "texture": "#0"},
				"west": {"uv": [12, 0.5, 13, 1], "texture": "#0"},
				"up": {"uv": [11.5, 5, 10.5, 4], "texture": "#0"},
				"down": {"uv": [6, 10.5, 5, 11.5], "texture": "#0"}
			}
		},
		{
			"from": [10, 3.3, 12],
			"to": [12, 4, 14],
			"rotation": {"angle": 0, "axis": "y", "origin": [12, 4, 12]},
			"faces": {
				"north": {"uv": [8, 11.5, 9, 12], "texture": "#0"},
				"east": {"uv": [11.5, 8.5, 12.5, 9], "texture": "#0"},
				"south": {"uv": [11.5, 9, 12.5, 9.5], "texture": "#0"},
				"west": {"uv": [9.5, 11.5, 10.5, 12], "texture": "#0"},
				"up": {"uv": [11.5, 1, 10.5, 0], "texture": "#0"},
				"down": {"uv": [2, 10.5, 1, 11.5], "texture": "#0"}
			}
		},
		{
			"from": [10, 5, 15],
			"to": [12, 7, 15.7],
			"rotation": {"angle": 0, "axis": "y", "origin": [10, 5, 15]},
			"faces": {
				"north": {"uv": [7.5, 9, 8.5, 10], "texture": "#0"},
				"east": {"uv": [4.5, 11, 5, 12], "texture": "#0"},
				"south": {"uv": [9, 7.5, 10, 8.5], "texture": "#0"},
				"west": {"uv": [11, 5.5, 11.5, 6.5], "texture": "#0"},
				"up": {"uv": [7.5, 11.5, 6.5, 11], "texture": "#0"},
				"down": {"uv": [12, 6.5, 11, 7], "texture": "#0"}
			}
		},
		{
			"from": [13, 5, 12],
			"to": [13.7, 7, 14],
			"rotation": {"angle": 0, "axis": "y", "origin": [14, 5, 12]},
			"faces": {
				"north": {"uv": [2.5, 11.5, 3, 12.5], "texture": "#0"},
				"east": {"uv": [6.5, 10, 7.5, 11], "texture": "#0"},
				"south": {"uv": [11.5, 2.5, 12, 3.5], "texture": "#0"},
				"west": {"uv": [10, 6.5, 11, 7.5], "texture": "#0"},
				"up": {"uv": [4, 12.5, 3.5, 11.5], "texture": "#0"},
				"down": {"uv": [4.5, 11.5, 4, 12.5], "texture": "#0"}
			}
		},
		{
			"from": [8.3, 5, 12],
			"to": [9, 7, 14],
			"rotation": {"angle": 0, "axis": "y", "origin": [9, 5, 12]},
			"faces": {
				"north": {"uv": [1, 11.5, 1.5, 12.5], "texture": "#0"},
				"east": {"uv": [9.5, 9.5, 10.5, 10.5], "texture": "#0"},
				"south": {"uv": [11.5, 1, 12, 2], "texture": "#0"},
				"west": {"uv": [10, 5.5, 11, 6.5], "texture": "#0"},
				"up": {"uv": [2, 12.5, 1.5, 11.5], "texture": "#0"},
				"down": {"uv": [2.5, 11.5, 2, 12.5], "texture": "#0"}
			}
		},
		{
			"from": [7, 7, -1.7],
			"to": [9, 9, -1],
			"rotation": {"angle": 0, "axis": "y", "origin": [7, 7, -2]},
			"faces": {
				"north": {"uv": [10.5, 9.5, 11.5, 10.5], "texture": "#0"},
				"east": {"uv": [3, 12, 3.5, 13], "texture": "#0"},
				"south": {"uv": [10.5, 10.5, 11.5, 11.5], "texture": "#0"},
				"west": {"uv": [12, 3, 12.5, 4], "texture": "#0"},
				"up": {"uv": [13, 4.5, 12, 4], "texture": "#0"},
				"down": {"uv": [13, 4.5, 12, 5], "texture": "#0"}
			}
		},
		{
			"from": [7, 7, 14],
			"to": [9, 9, 14.7],
			"rotation": {"angle": 0, "axis": "y", "origin": [7, 7, 14]},
			"faces": {
				"north": {"uv": [10.5, 8.5, 11.5, 9.5], "texture": "#0"},
				"east": {"uv": [7, 11.5, 7.5, 12.5], "texture": "#0"},
				"south": {"uv": [9.5, 10.5, 10.5, 11.5], "texture": "#0"},
				"west": {"uv": [12, 1, 12.5, 2], "texture": "#0"},
				"up": {"uv": [13, 2.5, 12, 2], "texture": "#0"},
				"down": {"uv": [13, 2.5, 12, 3], "texture": "#0"}
			}
		},
		{
			"from": [6.5, 6.5, -1],
			"to": [9.5, 9.5, 14],
			"rotation": {"angle": 0, "axis": "y", "origin": [7, 7, 4]},
			"faces": {
				"north": {"uv": [9, 4, 10.5, 5.5], "texture": "#0"},
				"east": {"uv": [0, 0, 7.5, 1.5], "texture": "#0"},
				"south": {"uv": [5, 9, 6.5, 10.5], "texture": "#0"},
				"west": {"uv": [0, 1.5, 7.5, 3], "texture": "#0"},
				"up": {"uv": [1.5, 10.5, 0, 3], "texture": "#0"},
				"down": {"uv": [3, 3, 1.5, 10.5], "texture": "#0"}
			}
		}
	],
	"display": {
		"thirdperson_righthand": {
			"rotation": [61.25, 0, 0],
			"translation": [-6, 2, -2.25]
		},
		"thirdperson_lefthand": {
			"rotation": [60.75, 0, 0],
			"translation": [0, 3.5, -1]
		},
		"firstperson_righthand": {
			"rotation": [16.83, -1.29, 6.36],
			"translation": [0.75, 3.5, -1.25],
			"scale": [0.6, 0.6, 0.6]
		},
		"firstperson_lefthand": {
			"translation": [1, 3.5, 0]
		},
		"gui": {
			"rotation": [172.36, 41.79, -155.51],
			"translation": [0, 1, 0]
		},
		"head": {
			"translation": [0, -23.25, -11]
		},
		"fixed": {
			"translation": [0, 2.75, -14.25],
			"scale": [2, 2, 2]
		}
	},
	"groups": [
		{
			"name": "group",
			"origin": [8, 8, 8],
			"color": 0,
			"children": [0, 1, 2, 3, 4, 5, 6]
		},
		{
			"name": "group",
			"origin": [6, 9, 12],
			"color": 0,
			"children": [7, 8, 9, 10, 11, 12, 13]
		},
		{
			"name": "group",
			"origin": [6, 9, 12],
			"color": 0,
			"children": [14, 15, 16]
		}
	]
}