{
  "providers": [
    {
        "type": "bitmap",
        "file": "minecraft:font/logo.png",
        "ascent": 50,
        "height": 90,
        "chars": [
            "\u01F7"
        ]
    },
    {
        "type": "bitmap",
        "file": "minecraft:font/minecraft_title.png",
        "ascent": 96,
        "height": 192,
        "chars": [
            "\u224d"
        ]
    },
    {
        "type": "bitmap",
        "file": "minecraft:font/discord.png",
        "ascent": -4,
        "height": 8,
        "chars": [
            "\u01F8"
        ]
    },
    {
      "type": "ttf",
      "file": "minecraft:headsanywhere.ttf",
			"shift": [0, 0],
			"size": 11.0,
			"oversample": 2.0,
			"skip": ""
    }
  ]
}