{
  "providers": [
    {
        "type": "bitmap",
        "file": "minecraft:font/logo.png",
        "ascent": 15,
        "height": 30,
        "chars": [
            "\u01F7"
        ]
    },
    {
        "type": "bitmap",
        "file": "minecraft:font/minecraft_title.png",
        "ascent": 96,
        "height": 192,
        "chars": [
            "\u224d"
        ]
    },
    {
        "type": "bitmap",
        "file": "minecraft:font/discord.png",
        "ascent": 8,
        "height": 8,
        "chars": [
            "\u01F8"
        ]
    },
    {
        "type": "bitmap",
        "file": "minecraft:font/logo_end.png",
        "ascent": 96,
        "height": 192,
        "chars": [
            "\u01F6"
        ]
    },
    {
        "type": "bitmap",
        "file": "minecraft:font/mafia_win.png",
        "ascent": 7,
        "height": 7,
        "chars": [
            "\u00c6"
        ]
    },
    {
        "type": "bitmap",
        "file": "minecraft:font/mafia_lose.png",
        "ascent": 96,
        "height": 128,
        "chars": [
            "\u00c7"
        ]
    },
	{
      "type": "ttf",
      "file": "minecraft:headsanywhere.ttf",
			"shift": [0, 0],
			"size": 11.0,
			"oversample": 2.0,
			"skip": ""
    }
  ]
}