{
	"credit": "Made with Blockbench",
	"texture_size": [1000, 320],
	"textures": {
		"1": "./nexus_poins"
	},
	"elements": [
		{
			"from": [26.39, 0.3, 6.35],
			"to": [31.19, 6.3, 9.65],
			"rotation": {"angle": 0, "axis": "y", "origin": [8, 0, 8]},
			"faces": {
				"north": {"uv": [6.752, 1.1, 7.264, 3.1], "texture": "#1"},
				"south": {"uv": [7.264, 1.1, 6.752, 3.1], "texture": "#1"},
				"up": {"uv": [7.264, 1.1, 6.752, 0], "texture": "#1"},
				"down": {"uv": [7.264, 4.2, 6.752, 3.1], "texture": "#1"}
			}
		},
		{
			"from": [28.49, 5.4, 6.05],
			"to": [29.09, 6.6, 9.95],
			"rotation": {"angle": 0, "axis": "y", "origin": [8, 0, 8]},
			"faces": {
				"east": {"uv": [0, 13.3, 0.016, 13.35], "texture": "#1"},
				"west": {"uv": [0, 13.3, 0.016, 13.35], "texture": "#1"},
				"down": {"uv": [0, 13.3, 0.016, 13.35], "texture": "#1"}
			}
		},
		{
			"from": [28.49, 0, 6.05],
			"to": [29.09, 1.5, 9.95],
			"rotation": {"angle": 0, "axis": "y", "origin": [8, 0, 8]},
			"faces": {
				"east": {"uv": [0, 13.3, 0.016, 13.35], "texture": "#1"},
				"west": {"uv": [0, 13.3, 0.016, 13.35], "texture": "#1"},
				"up": {"uv": [0, 13.3, 0.016, 13.35], "texture": "#1"}
			}
		},
		{
			"from": [31.49, 6.6, 9.95],
			"to": [26.09, 0, 6.05],
			"rotation": {"angle": 0, "axis": "y", "origin": [8, 0, 8]},
			"faces": {
				"north": {"uv": [0.304, 14.4, 0.448, 13.3], "texture": "#1"},
				"east": {"uv": [0, 13.3, 0.016, 13.35], "texture": "#1"},
				"south": {"uv": [0.304, 14.4, 0.448, 13.3], "texture": "#1"},
				"west": {"uv": [0, 13.3, 0.016, 13.35], "texture": "#1"},
				"up": {"uv": [0.304, 13.3, 0.448, 13.35], "texture": "#1"},
				"down": {"uv": [0.304, 13.3, 0.448, 13.35], "texture": "#1"}
			}
		},
		{
			"from": [21.59, 0.3, 6.35],
			"to": [25.79, 6.3, 9.65],
			"rotation": {"angle": 0, "axis": "y", "origin": [8, 0, 8]},
			"faces": {
				"north": {"uv": [2.4, 1.1, 2.848, 3.1], "texture": "#1"},
				"south": {"uv": [2.848, 1.1, 2.4, 3.1], "texture": "#1"},
				"up": {"uv": [2.848, 1.1, 2.4, 0], "texture": "#1"},
				"down": {"uv": [2.848, 4.2, 2.4, 3.1], "texture": "#1"}
			}
		},
		{
			"from": [21.29, 4.2, 6.05],
			"to": [23.69, 4.8, 9.95],
			"rotation": {"angle": 0, "axis": "y", "origin": [8, 0, 8]},
			"faces": {
				"east": {"uv": [0, 13.3, 0.016, 13.35], "texture": "#1"},
				"up": {"uv": [0, 13.3, 0.016, 13.35], "texture": "#1"},
				"down": {"uv": [0, 13.3, 0.016, 13.35], "texture": "#1"}
			}
		},
		{
			"from": [21.29, 1.8, 6.05],
			"to": [23.69, 2.4, 9.95],
			"rotation": {"angle": 0, "axis": "y", "origin": [8, 0, 8]},
			"faces": {
				"east": {"uv": [0, 13.3, 0.016, 13.35], "texture": "#1"},
				"up": {"uv": [0, 13.3, 0.016, 13.35], "texture": "#1"},
				"down": {"uv": [0, 13.3, 0.016, 13.35], "texture": "#1"}
			}
		},
		{
			"from": [26.09, 6.6, 9.95],
			"to": [21.29, 0, 6.05],
			"rotation": {"angle": 0, "axis": "y", "origin": [8, 0, 8]},
			"faces": {
				"north": {"uv": [0.048, 13.3, 0.08, 13.85], "texture": "#1"},
				"east": {"uv": [0.064, 13.3, 0.048, 13.85], "texture": "#1"},
				"south": {"uv": [0.08, 13.3, 0.048, 13.85], "texture": "#1"},
				"west": {"uv": [0, 13.3, 0.016, 13.35], "texture": "#1"},
				"up": {"uv": [0, 13.3, 0.016, 13.35], "texture": "#1"},
				"down": {"uv": [0, 13.3, 0.016, 13.35], "texture": "#1"}
			}
		},
		{
			"from": [16.79, 0.3, 6.35],
			"to": [20.99, 6.3, 9.65],
			"rotation": {"angle": 0, "axis": "y", "origin": [8, 0, 8]},
			"faces": {
				"north": {"uv": [12.032, 1.1, 12.48, 3.1], "texture": "#1"},
				"south": {"uv": [12.48, 1.1, 12.032, 3.1], "texture": "#1"},
				"up": {"uv": [12.48, 1.1, 12.032, 0], "texture": "#1"},
				"down": {"uv": [12.48, 4.2, 12.032, 3.1], "texture": "#1"}
			}
		},
		{
			"from": [21.29, 6.6, 9.95],
			"to": [16.49, 0, 6.05],
			"rotation": {"angle": 0, "axis": "y", "origin": [8, 0, 8]},
			"faces": {
				"north": {"uv": [0, 13.3, 0.016, 13.35], "texture": "#1"},
				"east": {"uv": [0, 13.3, 0.016, 13.35], "texture": "#1"},
				"south": {"uv": [0, 13.3, 0.016, 13.35], "texture": "#1"},
				"west": {"uv": [0, 13.3, 0.016, 13.35], "texture": "#1"},
				"up": {"uv": [0, 13.3, 0.016, 13.35], "texture": "#1"},
				"down": {"uv": [0, 13.3, 0.016, 13.35], "texture": "#1"}
			}
		},
		{
			"from": [11.99, 0.3, 6.35],
			"to": [16.19, 6.3, 9.65],
			"rotation": {"angle": 0, "axis": "y", "origin": [8, 0, 8]},
			"faces": {
				"north": {"uv": [10.24, 1.1, 10.688, 3.1], "texture": "#1"},
				"south": {"uv": [10.688, 1.1, 10.24, 3.1], "texture": "#1"},
				"up": {"uv": [10.688, 1.1, 10.24, 0], "texture": "#1"},
				"down": {"uv": [10.688, 4.2, 10.24, 3.1], "texture": "#1"}
			}
		},
		{
			"from": [16.49, 6.6, 9.95],
			"to": [11.69, 0, 6.05],
			"rotation": {"angle": 0, "axis": "y", "origin": [8, 0, 8]},
			"faces": {
				"north": {"uv": [0, 13.3, 0.016, 13.35], "texture": "#1"},
				"east": {"uv": [0, 13.3, 0.016, 13.35], "texture": "#1"},
				"south": {"uv": [0, 13.3, 0.016, 13.35], "texture": "#1"},
				"west": {"uv": [0, 13.3, 0.016, 13.35], "texture": "#1"},
				"up": {"uv": [0, 13.3, 0.016, 13.35], "texture": "#1"},
				"down": {"uv": [0, 13.3, 0.016, 13.35], "texture": "#1"}
			}
		},
		{
			"from": [7.19, 0.3, 6.35],
			"to": [11.39, 6.3, 9.65],
			"rotation": {"angle": 0, "axis": "y", "origin": [8, 0, 8]},
			"faces": {
				"north": {"uv": [9.28, 1.1, 9.728, 3.1], "texture": "#1"},
				"south": {"uv": [9.728, 1.1, 9.28, 3.1], "texture": "#1"},
				"up": {"uv": [9.728, 1.1, 9.28, 0], "texture": "#1"},
				"down": {"uv": [9.728, 4.2, 9.28, 3.1], "texture": "#1"}
			}
		},
		{
			"from": [9.29, 1.8, 6.05],
			"to": [11.69, 2.4, 9.95],
			"rotation": {"angle": 0, "axis": "y", "origin": [8, 0, 8]},
			"faces": {
				"west": {"uv": [0, 13.3, 0.016, 13.35], "texture": "#1"},
				"up": {"uv": [0, 13.3, 0.016, 13.35], "texture": "#1"},
				"down": {"uv": [0, 13.3, 0.016, 13.35], "texture": "#1"}
			}
		},
		{
			"from": [6.89, 4.2, 6.05],
			"to": [9.29, 4.8, 9.95],
			"rotation": {"angle": 0, "axis": "y", "origin": [8, 0, 8]},
			"faces": {
				"east": {"uv": [0, 13.3, 0.016, 13.35], "texture": "#1"},
				"up": {"uv": [0, 13.3, 0.016, 13.35], "texture": "#1"},
				"down": {"uv": [0, 13.3, 0.016, 13.35], "texture": "#1"}
			}
		},
		{
			"from": [11.69, 6.6, 9.95],
			"to": [6.89, 0, 6.05],
			"rotation": {"angle": 0, "axis": "y", "origin": [8, 0, 8]},
			"faces": {
				"north": {"uv": [0, 13.85, 0.032, 14.4], "texture": "#1"},
				"east": {"uv": [0, 13.85, 0.016, 14.4], "texture": "#1"},
				"south": {"uv": [0.032, 13.85, 0, 14.4], "texture": "#1"},
				"west": {"uv": [0.016, 13.85, 0.032, 14.4], "texture": "#1"},
				"up": {"uv": [0, 13.3, 0.016, 13.35], "texture": "#1"},
				"down": {"uv": [0, 13.3, 0.016, 13.35], "texture": "#1"}
			}
		},
		{
			"from": [2.21, 0.3, 6.35],
			"to": [6.41, 6.3, 9.65],
			"rotation": {"angle": 0, "axis": "y", "origin": [8, 0, 8]},
			"faces": {
				"north": {"uv": [7.776, 1.1, 8.224, 3.1], "texture": "#1"},
				"south": {"uv": [8.224, 1.1, 7.776, 3.1], "texture": "#1"},
				"up": {"uv": [8.224, 1.1, 7.776, 0], "texture": "#1"},
				"down": {"uv": [8.224, 4.2, 7.776, 3.1], "texture": "#1"}
			}
		},
		{
			"from": [1.91, 0, 6.05],
			"to": [4.31, 2.4, 9.95],
			"rotation": {"angle": 0, "axis": "y", "origin": [8, 0, 8]},
			"faces": {
				"east": {"uv": [0, 13.3, 0.016, 13.35], "texture": "#1"},
				"up": {"uv": [0, 13.3, 0.016, 13.35], "texture": "#1"}
			}
		},
		{
			"from": [6.71, 6.6, 9.95],
			"to": [1.91, 0, 6.05],
			"rotation": {"angle": 0, "axis": "y", "origin": [8, 0, 8]},
			"faces": {
				"north": {"uv": [0.288, 14.4, 0.32, 13.85], "texture": "#1"},
				"east": {"uv": [0.288, 14.4, 0.304, 13.85], "texture": "#1"},
				"south": {"uv": [0.32, 14.4, 0.288, 13.85], "texture": "#1"},
				"west": {"uv": [0, 13.3, 0.016, 13.35], "texture": "#1"},
				"up": {"uv": [0.016, 13.35, 0.048, 13.4], "texture": "#1"},
				"down": {"uv": [0, 13.3, 0.016, 13.35], "texture": "#1"}
			}
		},
		{
			"from": [-2.59, 0.3, 6.35],
			"to": [1.61, 6.3, 9.65],
			"rotation": {"angle": 0, "axis": "y", "origin": [8, 0, 8]},
			"faces": {
				"north": {"uv": [7.296, 1.1, 7.744, 3.1], "texture": "#1"},
				"south": {"uv": [7.744, 1.1, 7.296, 3.1], "texture": "#1"},
				"up": {"uv": [7.744, 1.1, 7.296, 0], "texture": "#1"},
				"down": {"uv": [7.744, 4.2, 7.296, 3.1], "texture": "#1"}
			}
		},
		{
			"from": [1.91, 6.6, 9.95],
			"to": [-2.89, 0, 6.05],
			"rotation": {"angle": 0, "axis": "y", "origin": [8, 0, 8]},
			"faces": {
				"north": {"uv": [0, 13.3, 0.016, 13.35], "texture": "#1"},
				"east": {"uv": [0, 13.3, 0.016, 13.35], "texture": "#1"},
				"south": {"uv": [0, 13.3, 0.016, 13.35], "texture": "#1"},
				"west": {"uv": [0, 13.3, 0.016, 13.35], "texture": "#1"},
				"up": {"uv": [0, 13.3, 0.016, 13.35], "texture": "#1"},
				"down": {"uv": [0, 13.3, 0.016, 13.35], "texture": "#1"}
			}
		},
		{
			"from": [-4.99, 0.3, 6.35],
			"to": [-3.19, 6.3, 9.65],
			"rotation": {"angle": 0, "axis": "y", "origin": [8, 0, 8]},
			"faces": {
				"north": {"uv": [4.32, 1.1, 4.512, 3.1], "texture": "#1"},
				"south": {"uv": [4.512, 1.1, 4.32, 3.1], "texture": "#1"},
				"up": {"uv": [4.512, 1.1, 4.32, 0], "texture": "#1"},
				"down": {"uv": [4.512, 4.2, 4.32, 3.1], "texture": "#1"}
			}
		},
		{
			"from": [-2.89, 6.6, 9.95],
			"to": [-5.29, 0, 6.05],
			"rotation": {"angle": 0, "axis": "y", "origin": [8, 0, 8]},
			"faces": {
				"north": {"uv": [0, 13.3, 0.016, 13.35], "texture": "#1"},
				"east": {"uv": [0, 13.3, 0.016, 13.35], "texture": "#1"},
				"south": {"uv": [0, 13.3, 0.016, 13.35], "texture": "#1"},
				"west": {"uv": [0, 13.3, 0.016, 13.35], "texture": "#1"},
				"up": {"uv": [0, 13.3, 0.016, 13.35], "texture": "#1"},
				"down": {"uv": [0, 13.3, 0.016, 13.35], "texture": "#1"}
			}
		},
		{
			"from": [-10.39, 0.3, 6.35],
			"to": [-5.59, 6.3, 9.65],
			"rotation": {"angle": 0, "axis": "y", "origin": [8, 0, 8]},
			"faces": {
				"north": {"uv": [6.752, 1.1, 7.264, 3.1], "texture": "#1"},
				"south": {"uv": [7.264, 1.1, 6.752, 3.1], "texture": "#1"},
				"up": {"uv": [7.264, 1.1, 6.752, 0], "texture": "#1"},
				"down": {"uv": [7.264, 4.2, 6.752, 3.1], "texture": "#1"}
			}
		},
		{
			"from": [-8.29, 5.4, 6.05],
			"to": [-7.69, 6.6, 9.95],
			"rotation": {"angle": 0, "axis": "y", "origin": [8, 0, 8]},
			"faces": {
				"east": {"uv": [0, 13.3, 0.016, 13.35], "texture": "#1"},
				"west": {"uv": [0, 13.3, 0.016, 13.35], "texture": "#1"},
				"down": {"uv": [0, 13.3, 0.016, 13.35], "texture": "#1"}
			}
		},
		{
			"from": [-8.29, 0, 6.05],
			"to": [-7.69, 1.5, 9.95],
			"rotation": {"angle": 0, "axis": "y", "origin": [8, 0, 8]},
			"faces": {
				"east": {"uv": [0, 13.3, 0.016, 13.35], "texture": "#1"},
				"west": {"uv": [0, 13.3, 0.016, 13.35], "texture": "#1"},
				"up": {"uv": [0, 13.3, 0.016, 13.35], "texture": "#1"}
			}
		},
		{
			"from": [-5.29, 6.6, 9.95],
			"to": [-10.69, 0, 6.05],
			"rotation": {"angle": 0, "axis": "y", "origin": [8, 0, 8]},
			"faces": {
				"north": {"uv": [0.304, 14.4, 0.448, 13.3], "texture": "#1"},
				"east": {"uv": [0, 13.3, 0.016, 13.35], "texture": "#1"},
				"south": {"uv": [0.304, 14.4, 0.448, 13.3], "texture": "#1"},
				"west": {"uv": [0, 13.3, 0.016, 13.35], "texture": "#1"},
				"up": {"uv": [0.304, 13.3, 0.448, 13.35], "texture": "#1"},
				"down": {"uv": [0.304, 13.3, 0.448, 13.35], "texture": "#1"}
			}
		},
		{
			"from": [-15.19, 0.3, 6.35],
			"to": [-10.99, 6.3, 9.65],
			"rotation": {"angle": 0, "axis": "y", "origin": [8, 0, 8]},
			"faces": {
				"north": {"uv": [9.28, 1.1, 9.728, 3.1], "texture": "#1"},
				"south": {"uv": [9.728, 1.1, 9.28, 3.1], "texture": "#1"},
				"up": {"uv": [9.728, 1.1, 9.28, 0], "texture": "#1"},
				"down": {"uv": [9.728, 4.2, 9.28, 3.1], "texture": "#1"}
			}
		},
		{
			"from": [-13.09, 1.8, 6.05],
			"to": [-10.69, 2.4, 9.95],
			"rotation": {"angle": 0, "axis": "y", "origin": [8, 0, 8]},
			"faces": {
				"west": {"uv": [0, 13.3, 0.016, 13.35], "texture": "#1"},
				"up": {"uv": [0, 13.3, 0.016, 13.35], "texture": "#1"},
				"down": {"uv": [0, 13.3, 0.016, 13.35], "texture": "#1"}
			}
		},
		{
			"from": [-15.49, 4.2, 6.05],
			"to": [-13.09, 4.8, 9.95],
			"rotation": {"angle": 0, "axis": "y", "origin": [8, 0, 8]},
			"faces": {
				"east": {"uv": [0, 13.3, 0.016, 13.35], "texture": "#1"},
				"up": {"uv": [0, 13.3, 0.016, 13.35], "texture": "#1"},
				"down": {"uv": [0, 13.3, 0.016, 13.35], "texture": "#1"}
			}
		},
		{
			"from": [-10.69, 6.6, 9.95],
			"to": [-15.49, 0, 6.05],
			"rotation": {"angle": 0, "axis": "y", "origin": [8, 0, 8]},
			"faces": {
				"north": {"uv": [0, 13.85, 0.032, 14.4], "texture": "#1"},
				"east": {"uv": [0, 13.85, 0.016, 14.4], "texture": "#1"},
				"south": {"uv": [0.032, 13.85, 0, 14.4], "texture": "#1"},
				"west": {"uv": [0.016, 13.85, 0.032, 14.4], "texture": "#1"},
				"up": {"uv": [0, 13.3, 0.016, 13.35], "texture": "#1"},
				"down": {"uv": [0, 13.3, 0.016, 13.35], "texture": "#1"}
			}
		}
	],
	"display": {
		"fixed": {
			"rotation": [90, 0, 0],
			"scale": [20, 20, 20]
		}
	},
	"groups": [
		{
			"name": "nexus_poins",
			"origin": [8, 0, 8],
			"color": 0,
			"children": [
				{
					"name": "nexus",
					"origin": [8, 0, 8],
					"color": 0,
					"children": [
						{
							"name": "n",
							"origin": [8, 0, 8],
							"color": 0,
							"children": [0, 1, 2, 3]
						},
						{
							"name": "e",
							"origin": [8, 0, 8],
							"color": 0,
							"children": [4, 5, 6, 7]
						},
						{
							"name": "x",
							"origin": [8, 0, 8],
							"color": 0,
							"children": [8, 9]
						},
						{
							"name": "u",
							"origin": [8, 0, 8],
							"color": 0,
							"children": [10, 11]
						},
						{
							"name": "s",
							"origin": [8, 0, 8],
							"color": 0,
							"children": [12, 13, 14, 15]
						}
					]
				},
				{
					"name": "poins",
					"origin": [8, 0, 8],
					"color": 0,
					"children": [
						{
							"name": "p",
							"origin": [8, 0, 8],
							"color": 0,
							"children": [16, 17, 18]
						},
						{
							"name": "o",
							"origin": [8, 0, 8],
							"color": 0,
							"children": [19, 20]
						},
						{
							"name": "i",
							"origin": [8, 0, 8],
							"color": 0,
							"children": [21, 22]
						},
						{
							"name": "n",
							"origin": [8, 0, 8],
							"color": 0,
							"children": [23, 24, 25, 26]
						},
						{
							"name": "s",
							"origin": [8, 0, 8],
							"color": 0,
							"children": [27, 28, 29, 30]
						}
					]
				}
			]
		}
	]
}